-- Database: `adm` --
-- Table `tbl_hak_akses` --
CREATE TABLE `tbl_hak_akses` (
  `level_pegawai` enum('Pegawai','Admin','Wali Kelas') NOT NULL,
  `hak_akses` enum('0','1') NOT NULL,
  `jurusan` enum('0','1') NOT NULL,
  `kelas` enum('0','1') NOT NULL,
  `pengguna` enum('0','1') NOT NULL,
  `siswa` enum('0','1') NOT NULL,
  `laporan_jenis_pembayaran` enum('0','1') NOT NULL,
  `laporan_pembayaran` enum('0','1') NOT NULL,
  `laporan_siswa` enum('0','1') NOT NULL,
  `laporan_jurusan` enum('0','1') NOT NULL,
  `laporan_kelas` enum('0','1') NOT NULL,
  `laporan_pengguna` enum('0','1') NOT NULL,
  `backup` enum('0','1') NOT NULL,
  `pembayaran` enum('0','1') NOT NULL,
  `transaksi` enum('0','1') NOT NULL,
  `hapus_pembayaran` enum('0','1') NOT NULL,
  PRIMARY KEY (`level_pegawai`)
) ENGINE=InnoDB DEFAULT CHARSET=latin1;

INSERT INTO `tbl_hak_akses` (`level_pegawai`, `hak_akses`, `jurusan`, `kelas`, `pengguna`, `siswa`, `laporan_jenis_pembayaran`, `laporan_pembayaran`, `laporan_siswa`, `laporan_jurusan`, `laporan_kelas`, `laporan_pengguna`, `backup`, `pembayaran`, `transaksi`, `hapus_pembayaran`) VALUES
('Pegawai', '0', '0', '0', '0', '0', '1', '1', '1', '1', '1', '1', '0', '1', '1', '0'),
('Admin', '1', '1', '1', '1', '1', '1', '1', '1', '1', '1', '1', '1', '1', '1', '1'),
('Wali Kelas', '0', '0', '0', '0', '0', '0', '1', '0', '0', '0', '0', '0', '0', '0', '0');

-- Table `tbl_history` --
CREATE TABLE `tbl_history` (
  `id_history` int(11) NOT NULL AUTO_INCREMENT,
  `id_pegawai` int(11) NOT NULL,
  `waktu_history` datetime NOT NULL,
  `keterangan_history` varchar(100) NOT NULL,
  PRIMARY KEY (`id_history`),
  KEY `id_user` (`id_pegawai`)
) ENGINE=InnoDB AUTO_INCREMENT=107 DEFAULT CHARSET=latin1;

INSERT INTO `tbl_history` (`id_history`, `id_pegawai`, `waktu_history`, `keterangan_history`) VALUES
(1, 1, '2018-11-07 10:19:07', 'Menambahkan Jurusan Teknik Kendaraan Ringan'),
(2, 1, '2018-11-07 10:19:22', 'Menambahkan Jurusan Teknik Sepeda Motor'),
(3, 1, '2018-11-07 10:20:07', 'Menambahkan Jurusan Teknik Instalasi Tenaga Listrik'),
(4, 1, '2018-11-07 10:21:36', 'Menambahkan Pengguna TRI HARTINI'),
(5, 1, '2018-11-07 10:22:05', 'Menambahkan Kelas TKR'),
(6, 1, '2018-11-07 10:22:15', 'Menambahkan Kelas TKR'),
(7, 1, '2018-11-07 10:22:26', 'Menambahkan Kelas TKR'),
(8, 1, '2018-11-07 10:22:36', 'Menambahkan Kelas TSM'),
(9, 1, '2018-11-07 10:22:46', 'Menambahkan Kelas TSM'),
(10, 1, '2018-11-07 10:23:01', 'Menambahkan Kelas TSM'),
(11, 1, '2018-11-07 10:23:20', 'Menambahkan Kelas TITL'),
(12, 1, '2018-11-07 10:23:31', 'Menambahkan Kelas TITL'),
(13, 1, '2018-11-07 10:23:45', 'Menambahkan Kelas TITL'),
(14, 1, '2018-11-07 10:46:47', 'Mengimport Siswa '),
(15, 1, '2018-11-07 10:47:11', 'Menambahkan Pembayaran UANG UJIAN'),
(16, 1, '2018-11-07 10:47:58', 'Melakukan Transaksi'),
(17, 1, '2018-11-07 11:02:34', 'Telah Login'),
(18, 1, '2018-11-07 17:53:08', 'Menghapus Pembayaran'),
(19, 1, '2018-11-07 18:07:25', 'Telah Logout'),
(20, 1, '2018-11-07 18:12:19', 'Telah Login'),
(21, 1, '2018-11-07 18:14:34', 'Telah Logout'),
(22, 1, '2018-11-07 18:25:22', 'Telah Login'),
(23, 1, '2018-11-07 18:25:47', 'Menambahkan Pembayaran UANG PRAKERIN / PSG'),
(24, 1, '2018-11-07 18:28:34', 'Telah Logout'),
(25, 1, '2018-11-07 18:28:41', 'Telah Login'),
(26, 1, '2018-11-07 18:35:33', 'Telah Logout'),
(27, 1, '2018-11-18 09:24:09', 'Telah Logout'),
(28, 1, '2018-11-18 09:25:30', 'Telah Login'),
(29, 1, '2020-10-20 15:55:57', 'Telah Login'),
(30, 1, '2020-10-21 11:41:55', 'Menambahkan Pembayaran Isedentil4'),
(31, 1, '2020-10-21 11:42:27', 'Menghapus Pembayaran'),
(32, 1, '2020-10-21 12:39:04', 'Menambahkan Siswa Riski Rian Putra'),
(33, 1, '2020-10-21 12:41:14', 'Melakukan Transaksi'),
(34, 1, '2020-10-21 12:43:49', 'Melakukan Transaksi'),
(35, 1, '2020-10-21 17:32:36', 'Melakukan Transaksi'),
(36, 1, '2020-10-21 17:34:46', 'Melakukan Transaksi'),
(37, 1, '2020-10-21 18:27:18', 'Melakukan Transaksi'),
(38, 1, '2020-10-21 19:53:59', 'Melakukan Transaksi'),
(39, 1, '2020-10-21 20:00:54', 'Melakukan Transaksi'),
(40, 1, '2020-10-21 20:02:07', 'Melakukan Transaksi'),
(41, 1, '2020-10-21 20:03:06', 'Melakukan Transaksi'),
(42, 1, '2020-10-22 03:36:39', 'Menambahkan Siswa Agestya'),
(43, 1, '2020-10-22 03:37:36', 'Melakukan Transaksi'),
(44, 1, '2020-10-22 03:39:13', 'Melakukan Transaksi'),
(45, 1, '2020-10-22 03:46:50', 'Melakukan Transaksi'),
(46, 1, '2020-10-22 03:47:20', 'Menambahkan Pembayaran Isedentil4'),
(47, 1, '2020-10-22 03:47:42', 'Melakukan Transaksi'),
(48, 1, '2020-10-22 03:48:33', 'Mengubah Pembayaran ISEDENTIL 3'),
(49, 1, '2020-10-22 03:49:14', 'Mengubah Pembayaran Isedentil 4'),
(50, 1, '2020-10-22 03:49:24', 'Mengubah Pembayaran Isedentil 4'),
(51, 1, '2020-10-22 03:49:32', 'Mengubah Pembayaran Isedentil4'),
(52, 1, '2020-10-22 03:50:13', 'Menambahkan Pembayaran Isedentil 5'),
(53, 1, '2020-10-22 03:53:15', 'Menambahkan Pembayaran Isedentil6'),
(54, 1, '2020-10-22 03:55:06', 'Menghapus Pembayaran'),
(55, 1, '2020-10-22 04:00:05', 'Mengubah Pembayaran Isedentil4'),
(56, 1, '2020-10-22 04:04:04', 'Mengubah Pembayaran Isedentil 4'),
(57, 1, '2020-10-22 04:06:37', 'Mengubah Pembayaran Isedentil6'),
(58, 1, '2020-10-22 04:06:46', 'Mengubah Pembayaran Isedentil 6'),
(59, 1, '2020-10-22 04:06:55', 'Mengubah Pembayaran Isedentil 6'),
(60, 1, '2020-10-22 04:08:14', 'Mengubah Pembayaran Isedentil 6'),
(61, 1, '2020-10-22 04:10:03', 'Mengubah Pembayaran Isedentil 6'),
(62, 1, '2020-10-22 04:10:10', 'Mengubah Pembayaran Isedentil 4'),
(63, 1, '2020-10-22 04:11:18', 'Melakukan Transaksi'),
(64, 1, '2020-10-22 04:12:53', 'Menambahkan Pembayaran Isedentil 7'),
(65, 1, '2020-10-22 04:19:47', 'Melakukan Transaksi'),
(66, 1, '2020-10-22 04:19:59', 'Melakukan Transaksi'),
(67, 1, '2020-10-22 04:25:05', 'Menambahkan Pembayaran Isedentil 3'),
(68, 1, '2020-10-22 04:25:18', 'Melakukan Transaksi'),
(69, 1, '2020-10-23 15:26:18', 'Melakukan Transaksi'),
(70, 1, '2020-10-23 15:54:51', 'Melakukan Transaksi'),
(71, 1, '2020-10-24 15:50:13', 'Melakukan Transaksi'),
(72, 1, '2020-10-25 06:11:57', 'Telah Logout'),
(73, 1, '2020-10-25 16:53:36', 'Telah Login'),
(74, 1, '2020-10-25 22:21:04', 'Menambahkan Pengguna ACIL'),
(75, 1, '2020-10-25 22:21:07', 'Telah Logout'),
(76, 8, '2020-10-25 22:21:18', 'Telah Login'),
(77, 8, '2020-10-25 22:22:12', 'Telah Logout'),
(78, 1, '2020-10-25 22:22:23', 'Telah Login'),
(79, 1, '2020-10-25 22:24:48', 'Telah Logout'),
(80, 8, '2020-10-25 22:25:08', 'Telah Login'),
(81, 8, '2020-10-25 22:30:23', 'Telah Logout'),
(82, 1, '2020-10-25 22:30:29', 'Telah Login'),
(83, 1, '2020-11-03 20:59:59', 'Menghapus Siswa '),
(84, 1, '2020-11-03 21:00:02', 'Menghapus Siswa '),
(85, 1, '2020-11-03 21:00:46', 'Mengimport Siswa '),
(86, 1, '2020-11-03 21:01:50', 'Mengimport Siswa '),
(87, 1, '2020-11-03 21:02:16', 'Mengimport Siswa '),
(88, 1, '2020-11-03 21:02:43', 'Mengimport Siswa '),
(89, 1, '2020-11-03 21:03:04', 'Mengimport Siswa '),
(90, 1, '2020-11-03 21:03:52', 'Mengimport Siswa '),
(91, 1, '2020-11-03 21:04:15', 'Mengimport Siswa '),
(92, 1, '2020-11-03 21:04:52', 'Mengimport Siswa '),
(93, 1, '2020-11-03 21:05:12', 'Mengimport Siswa '),
(94, 1, '2020-11-03 21:05:29', 'Mengimport Siswa '),
(95, 1, '2020-11-03 21:05:50', 'Mengimport Siswa '),
(96, 1, '2020-11-03 21:06:10', 'Mengimport Siswa '),
(97, 1, '2020-11-03 22:14:40', 'Mengimport Siswa '),
(98, 1, '2020-11-03 22:44:11', 'Mengimport Siswa '),
(99, 1, '2020-11-04 08:37:23', 'Telah Login'),
(100, 1, '2020-11-07 15:51:11', 'Telah Login'),
(101, 1, '2020-11-08 07:38:20', 'Melakukan Transaksi'),
(102, 1, '2020-11-08 13:25:06', 'Melakukan Transaksi'),
(103, 1, '2020-11-09 09:29:46', 'Telah Logout'),
(104, 1, '2020-11-09 09:29:54', 'Telah Login'),
(105, 1, '2020-11-09 09:31:56', 'Telah Logout'),
(106, 1, '2020-11-09 09:32:03', 'Telah Login');

-- Table `tbl_jurusan` --
CREATE TABLE `tbl_jurusan` (
  `id_jurusan` int(11) NOT NULL AUTO_INCREMENT,
  `nama_jurusan` varchar(100) NOT NULL,
  `diskripsi_jurusan` varchar(100) NOT NULL,
  PRIMARY KEY (`id_jurusan`)
) ENGINE=InnoDB AUTO_INCREMENT=4 DEFAULT CHARSET=latin1;

INSERT INTO `tbl_jurusan` (`id_jurusan`, `nama_jurusan`, `diskripsi_jurusan`) VALUES
(1, 'MIPA', 'ILMU PENGETAHUAN ALAM'),
(2, 'IPS', 'ILMU PENGETAHUAN SOSIAL'),
(3, 'IPK', 'ILMU PENGETAHUAN KEJURUAN');

-- Table `tbl_kelas` --
CREATE TABLE `tbl_kelas` (
  `id_kelas` int(11) NOT NULL AUTO_INCREMENT,
  `id_jurusan` int(11) NOT NULL,
  `tingkat_kelas` enum('10','11','12') NOT NULL,
  `nama_kelas` varchar(100) NOT NULL,
  `id_pegawai` int(11) NOT NULL,
  PRIMARY KEY (`id_kelas`),
  KEY `id_jurusan` (`id_jurusan`)
) ENGINE=InnoDB AUTO_INCREMENT=34 DEFAULT CHARSET=latin1;

INSERT INTO `tbl_kelas` (`id_kelas`, `id_jurusan`, `tingkat_kelas`, `nama_kelas`, `id_pegawai`) VALUES
(1, 1, '10', 'MIPA-1', 2),
(2, 1, '10', 'MIPA-2', 2),
(3, 1, '10', 'MIPA-3', 2),
(4, 1, '10', 'MIPA-4', 2),
(5, 1, '11', 'MIPA-1', 2),
(6, 1, '11', 'MIPA-2', 2),
(7, 1, '11', 'MIPA-3', 2),
(8, 1, '11', 'MIPA-4', 2),
(9, 1, '12', 'MIPA-1', 2),
(10, 1, '12', 'MIPA-2', 2),
(11, 1, '12', 'MIPA-3', 2),
(12, 1, '12', 'MIPA-4', 2),
(13, 1, '12', 'MIPA-5', 2),
(14, 2, '10', 'IPS-1', 2),
(15, 2, '10', 'IPS-2', 2),
(16, 2, '10', 'IPS-3', 2),
(17, 2, '11', 'IPS-1', 2),
(18, 2, '11', 'IPS-2', 2),
(19, 2, '12', 'IPS-1', 2),
(20, 2, '12', 'IPS-2', 2),
(21, 2, '12', 'IPS-3', 2),
(22, 2, '12', 'IPS-4', 2),
(23, 3, '10', 'IPK-1', 2),
(24, 3, '10', 'IPK-2', 2),
(25, 3, '10', 'IPK-3', 2),
(26, 3, '11', 'IPK-1', 2),
(27, 3, '11', 'IPK-2', 2),
(28, 3, '11', 'IPK-3', 2),
(29, 3, '11', 'IPK-4', 2),
(30, 3, '12', 'IPK-1', 2),
(31, 3, '12', 'IPK-2', 2),
(32, 3, '12', 'IPK-3', 2),
(33, 3, '12', 'IPK-4', 2);

-- Table `tbl_pegawai` --
CREATE TABLE `tbl_pegawai` (
  `id_pegawai` int(11) NOT NULL AUTO_INCREMENT,
  `nip` char(15) NOT NULL,
  `nama_pegawai` varchar(100) NOT NULL,
  `alamat_pegawai` varchar(200) NOT NULL,
  `telp_pegawai` varchar(15) NOT NULL,
  `foto_pegawai` text NOT NULL,
  `email_pegawai` varchar(100) NOT NULL,
  `password_pegawai` varchar(100) NOT NULL,
  `level_pegawai` enum('Admin','Pegawai','Wali Kelas') NOT NULL,
  `aktif_pegawai` enum('0','1') NOT NULL,
  PRIMARY KEY (`id_pegawai`),
  UNIQUE KEY `nip` (`nip`),
  UNIQUE KEY `email_pegawai` (`email_pegawai`)
) ENGINE=InnoDB AUTO_INCREMENT=9 DEFAULT CHARSET=latin1;

INSERT INTO `tbl_pegawai` (`id_pegawai`, `nip`, `nama_pegawai`, `alamat_pegawai`, `telp_pegawai`, `foto_pegawai`, `email_pegawai`, `password_pegawai`, `level_pegawai`, `aktif_pegawai`) VALUES
(1, '2110175022', 'Administrator', 'Payakumbuh Utara Balai Cacang no.17', '085269190388', '1603184339-ikhlas.png', 'admin@gmail.com', '69c5fcebaa65b560eaf06c3fbeb481ae44b8d618', 'Admin', '1'),
(7, '2018', 'ARIF HIDAYAT', 'PAYAKUMBUH', '085269190355', 'default.jpg', 'arif@gmail.com', 'fef1e8ae134768675eadffd7d40ab3e30458fb32', 'Wali Kelas', '1'),
(8, '0893829831', 'ACIL', 'Muaro', '08964823829', 'default.jpg', 'acil@gmail.com', '22a9bf64741fd1b2c89c40e143c4933e522c3660', 'Wali Kelas', '1');

-- Table `tbl_pembayaran` --
CREATE TABLE `tbl_pembayaran` (
  `id_pembayaran` int(11) NOT NULL AUTO_INCREMENT,
  `nama_pembayaran` varchar(100) NOT NULL,
  `nominal_pembayaran` int(11) NOT NULL,
  `jumlah_cicilan` int(11) NOT NULL,
  `id_kelas` varchar(255) NOT NULL,
  `aktif_pembayaran` enum('0','1') NOT NULL,
  PRIMARY KEY (`id_pembayaran`)
) ENGINE=InnoDB AUTO_INCREMENT=12 DEFAULT CHARSET=latin1;

INSERT INTO `tbl_pembayaran` (`id_pembayaran`, `nama_pembayaran`, `nominal_pembayaran`, `jumlah_cicilan`, `id_kelas`, `aktif_pembayaran`) VALUES
(1, 'SPP JANUARI 2020', 100000, 1, '[\"1\",\"2\",\"3\",\"4\",\"5\",\"6\",\"7\",\"8\",\"9\",\"10\",\"11\",\"12\",\"13\",\"14\",\"15\",\"16\",\"17\",\"18\",\"19\",\"20\",\"21\",\"22\",\"23\",\"24\",\"25\",\"26\",\"27\",\"28\",\"29\",\"30\",\"31\",\"32\",\"33\"]', '1'),
(2, 'SPP FEBRUARI 2020', 100000, 1, '[\"1\",\"2\",\"3\",\"4\",\"5\",\"6\",\"7\",\"8\",\"9\",\"10\",\"11\",\"12\",\"13\",\"14\",\"15\",\"16\",\"17\",\"18\",\"19\",\"20\",\"21\",\"22\",\"23\",\"24\",\"25\",\"26\",\"27\",\"28\",\"29\",\"30\",\"31\",\"32\",\"33\"]', '1'),
(3, 'SPP MARET 2020', 100000, 1, '[\"1\",\"2\",\"3\",\"4\",\"5\",\"6\",\"7\",\"8\",\"9\",\"10\",\"11\",\"12\",\"13\",\"14\",\"15\",\"16\",\"17\",\"18\",\"19\",\"20\",\"21\",\"22\",\"23\",\"24\",\"25\",\"26\",\"27\",\"28\",\"29\",\"30\",\"31\",\"32\",\"33\"]', '1'),
(4, 'SPP APRIL 2020', 100000, 1, '[\"1\",\"2\",\"3\",\"4\",\"5\",\"6\",\"7\",\"8\",\"9\",\"10\",\"11\",\"12\",\"13\",\"14\",\"15\",\"16\",\"17\",\"18\",\"19\",\"20\",\"21\",\"22\",\"23\",\"24\",\"25\",\"26\",\"27\",\"28\",\"29\",\"30\",\"31\",\"32\",\"33\"]', '1'),
(5, 'SPP MEI 2020', 100000, 1, '[\"1\",\"2\",\"3\",\"4\",\"5\",\"6\",\"7\",\"8\",\"9\",\"10\",\"11\",\"12\",\"13\",\"14\",\"15\",\"16\",\"17\",\"18\",\"19\",\"20\",\"21\",\"22\",\"23\",\"24\",\"25\",\"26\",\"27\",\"28\",\"29\",\"30\",\"31\",\"32\",\"33\"]', '1'),
(6, 'SPP JUNI 2020', 100000, 1, '[\"1\",\"2\",\"3\",\"4\",\"5\",\"6\",\"7\",\"8\",\"9\",\"10\",\"11\",\"12\",\"13\",\"14\",\"15\",\"16\",\"17\",\"18\",\"19\",\"20\",\"21\",\"22\",\"23\",\"24\",\"25\",\"26\",\"27\",\"28\",\"29\",\"30\",\"31\",\"32\",\"33\"]', '1'),
(7, 'SPP JULI 2020 ', 100000, 1, '[\"1\",\"2\",\"3\",\"4\",\"5\",\"6\",\"7\",\"8\",\"9\",\"10\",\"11\",\"12\",\"13\",\"14\",\"15\",\"16\",\"17\",\"18\",\"19\",\"20\",\"21\",\"22\",\"23\",\"24\",\"25\",\"26\",\"27\",\"28\",\"29\",\"30\",\"31\",\"32\",\"33\"]', '1'),
(8, 'SPP AGUSTUS 2020', 100000, 1, '[\"1\",\"2\",\"3\",\"4\",\"5\",\"6\",\"7\",\"8\",\"9\",\"10\",\"11\",\"12\",\"13\",\"14\",\"15\",\"16\",\"17\",\"18\",\"19\",\"20\",\"21\",\"22\",\"23\",\"24\",\"25\",\"26\",\"27\",\"28\",\"29\",\"30\",\"31\",\"32\",\"33\"]', '1'),
(9, 'SPP SEPTEMBER 2020', 100000, 1, '[\"1\",\"2\",\"3\",\"4\",\"5\",\"6\",\"7\",\"8\",\"9\",\"10\",\"11\",\"12\",\"13\",\"14\",\"15\",\"16\",\"17\",\"18\",\"19\",\"20\",\"21\",\"22\",\"23\",\"24\",\"25\",\"26\",\"27\",\"28\",\"29\",\"30\",\"31\",\"32\",\"33\"]', '1'),
(10, 'SPP OKTOBER 2020', 100000, 1, '[\"1\",\"2\",\"3\",\"4\",\"5\",\"6\",\"7\",\"8\",\"9\",\"10\",\"11\",\"12\",\"13\",\"14\",\"15\",\"16\",\"17\",\"18\",\"19\",\"20\",\"21\",\"22\",\"23\",\"24\",\"25\",\"26\",\"27\",\"28\",\"29\",\"30\",\"31\",\"32\",\"33\"]', '1'),
(11, 'SPP NOVEMBER 2020', 100000, 1, '[\"1\",\"2\",\"3\",\"4\",\"5\",\"6\",\"7\",\"8\",\"9\",\"10\",\"11\",\"12\",\"13\",\"14\",\"15\",\"16\",\"17\",\"18\",\"19\",\"20\",\"21\",\"22\",\"23\",\"24\",\"25\",\"26\",\"27\",\"28\",\"29\",\"30\",\"31\",\"32\",\"33\"]', '1');

-- Table `tbl_pembayaran_isedentil` --
CREATE TABLE `tbl_pembayaran_isedentil` (
  `id_pembayaran_isedentil` int(11) NOT NULL AUTO_INCREMENT,
  `nama_pembayaran` varchar(100) NOT NULL,
  `nominal_pembayaran` int(11) NOT NULL,
  `jumlah_cicilan` int(11) NOT NULL,
  `id_kelas` varchar(255) NOT NULL,
  `aktif_pembayaran` enum('0','1') NOT NULL,
  PRIMARY KEY (`id_pembayaran_isedentil`)
) ENGINE=InnoDB AUTO_INCREMENT=10 DEFAULT CHARSET=latin1;

INSERT INTO `tbl_pembayaran_isedentil` (`id_pembayaran_isedentil`, `nama_pembayaran`, `nominal_pembayaran`, `jumlah_cicilan`, `id_kelas`, `aktif_pembayaran`) VALUES
(1, 'ISEDENTIL 1', 1500000, 1, '[\"1\",\"2\",\"3\",\"4\",\"5\",\"6\",\"7\",\"8\",\"9\",\"10\",\"11\",\"12\",\"13\",\"14\",\"15\",\"16\",\"17\",\"18\",\"19\",\"20\",\"21\",\"22\",\"23\",\"24\",\"25\",\"26\",\"27\",\"28\",\"29\",\"30\",\"31\",\"32\",\"33\"]', '1'),
(2, 'ISEDENTIL 2', 1750000, 1, '[\"1\",\"2\",\"3\",\"4\",\"5\",\"6\",\"7\",\"8\",\"9\",\"10\",\"11\",\"12\",\"13\",\"14\",\"15\",\"16\",\"17\",\"18\",\"19\",\"20\",\"21\",\"22\",\"23\",\"24\",\"25\",\"26\",\"27\",\"28\",\"29\",\"30\",\"31\",\"32\",\"33\"]', '1'),
(5, 'Isedentil 4', 400000, 1, '[\"1\",\"2\",\"3\",\"4\",\"5\",\"6\",\"7\"]', '1'),
(6, 'Isedentil 5', 500000, 1, '[\"1\",\"2\",\"3\",\"4\",\"5\",\"6\",\"7\",\"8\",\"9\",\"10\",\"11\",\"12\",\"13\",\"14\",\"15\",\"16\",\"17\",\"18\",\"19\",\"20\",\"21\"]', '1'),
(7, 'Isedentil 6', 100000, 1, '[\"1\",\"2\",\"3\",\"4\",\"5\",\"6\",\"7\"]', '1'),
(8, 'Isedentil 7', 700000, 1, '[\"1\",\"2\",\"3\",\"4\",\"5\",\"6\",\"7\",\"8\"]', '1'),
(9, 'Isedentil 3', 1500000, 1, '[\"1\",\"2\",\"3\",\"4\",\"5\",\"6\",\"7\",\"8\",\"9\",\"10\",\"11\",\"12\",\"13\",\"14\",\"15\",\"16\",\"17\",\"18\"]', '1');

-- Table `tbl_siswa` --
CREATE TABLE `tbl_siswa` (
  `id_siswa` int(11) NOT NULL AUTO_INCREMENT,
  `nis` char(15) NOT NULL,
  `nama_siswa` varchar(100) NOT NULL,
  `jekel_siswa` enum('Laki-Laki','Perempuan') NOT NULL,
  `alamat_siswa` text NOT NULL,
  `foto_siswa` text NOT NULL,
  `id_kelas` int(11) NOT NULL,
  `aktif_siswa` enum('0','1','11') NOT NULL,
  `angkatan_siswa` varchar(30) NOT NULL,
  PRIMARY KEY (`id_siswa`),
  UNIQUE KEY `nis` (`nis`),
  KEY `id_kelas` (`id_kelas`)
) ENGINE=InnoDB AUTO_INCREMENT=1106 DEFAULT CHARSET=latin1;

INSERT INTO `tbl_siswa` (`id_siswa`, `nis`, `nama_siswa`, `jekel_siswa`, `alamat_siswa`, `foto_siswa`, `id_kelas`, `aktif_siswa`, `angkatan_siswa`) VALUES
(757, '0005', 'ABIMAHE BINTANO', 'Laki-Laki', 'Banja Loweh Godang', 'default.jpg', 1, '1', '2020'),
(758, '0001', 'ABDILLAH MUSTOFA AFIF', 'Laki-Laki', '-', 'default.jpg', 23, '1', '2020'),
(759, '0002', 'ABDUL RAFI', 'Laki-Laki', '', 'default.jpg', 14, '1', '2020'),
(760, '0003', 'ABDUL THALIB FIRMANSYAH', 'Laki-Laki', 'Koto Tangah', 'default.jpg', 23, '1', '2020'),
(761, '0004', 'ABEL HANIL FATIHA', 'Laki-Laki', 'Balai-Balai', 'default.jpg', 15, '1', '2020'),
(762, '0006', 'ADILLAH ASYHARI', 'Perempuan', 'Jalan Manjato 1 Ranah Permai', 'default.jpg', 1, '1', '2020'),
(763, '0007', 'ADINDA RAMADANI', 'Perempuan', 'Lakuak Dama', 'default.jpg', 14, '1', '2020'),
(764, '0008', 'ADITYA MULIATAMA', 'Laki-Laki', 'Jl.Dt.Parpatih Nan Sabatang No 98a', 'default.jpg', 23, '1', '2020'),
(765, '0009', 'AFIFAH NURSYAH', 'Perempuan', 'Ampalu', 'default.jpg', 4, '1', '2020'),
(766, '0010', 'AFRIANA AZZAHRA', 'Perempuan', '-', 'default.jpg', 15, '1', '2020'),
(767, '0011', 'AFRILLIAN DWI ANDRIANI', 'Perempuan', 'Jorong Galo Gandang', 'default.jpg', 24, '1', '2020'),
(768, '0012', 'AGUNG PRATAMA DONEL', 'Laki-Laki', 'Jalan Simpang 4 Tanjung Pati, Jorong Pulutan.', 'default.jpg', 16, '1', '2020'),
(769, '0013', 'AHMAD FARIQ ALFARABIY', 'Laki-Laki', 'Jln Flamboyan No 67', 'default.jpg', 14, '1', '2020'),
(770, '0014', 'AHMAD FAUZAN ATHALLAH', 'Laki-Laki', 'Jln.Sutah Syahrir ', 'default.jpg', 2, '1', '2020'),
(771, '0015', 'AHMAD RAZEL TRI ARGA', 'Laki-Laki', 'Piladang', 'default.jpg', 3, '1', '2020'),
(772, '0016', 'AIDILLA FITRI RACHMI', 'Perempuan', 'Jorong Pakan Sinayan', 'default.jpg', 25, '1', '2020'),
(773, '0017', 'AISYA PUTRI QAIMAH', 'Perempuan', 'Suayan Randah', 'default.jpg', 2, '1', '2020'),
(774, '0018', 'AISYAH FADHIYAH', 'Perempuan', 'Situjuah Gadang', 'default.jpg', 4, '1', '2020'),
(775, '0019', 'AISYAH FITRIANA', 'Perempuan', 'Jl.Garuda', 'default.jpg', 2, '1', '2020'),
(776, '0020', 'ALGI FEBRIANO', 'Laki-Laki', 'Jorong Hilie Banda', 'default.jpg', 23, '1', '2020'),
(777, '0021', 'ALIA RIHADATUL AISY', 'Perempuan', 'Jln.R.A Kartini,Gg Kenanga', 'default.jpg', 1, '1', '2020'),
(778, '0022', 'ALINKA DWI LESTARI', 'Perempuan', 'Belakang Mesjid Istiqlal Rt02/Rw01', 'default.jpg', 3, '1', '2020'),
(779, '0023', 'ALQARI NURELDIN ZAKI', 'Laki-Laki', 'Jendral Sudirman', 'default.jpg', 1, '1', '2020'),
(780, '0024', 'ALYA HAFIFAH', 'Perempuan', 'Jorong Suayan', 'default.jpg', 24, '1', '2020'),
(781, '0025', 'ALYA SYIFA', 'Perempuan', 'Jln.K.H.Ahmad Dahlan', 'default.jpg', 1, '1', '2020'),
(782, '0026', 'AMIRATUL JANNAH', 'Perempuan', 'Batuhampar ', 'default.jpg', 14, '1', '2020'),
(783, '0027', 'ANDIKA SAPUTRA', 'Laki-Laki', 'Jalan Khatib Sulaiman Situjuah Batua', 'default.jpg', 23, '1', '2020'),
(784, '0028', 'ANDINI FADILLAH', 'Perempuan', 'Jl. Palembang', 'default.jpg', 3, '1', '2020'),
(785, '0029', 'ANDRE KURNIAWAN', 'Laki-Laki', 'Jl Sariak Laweh', 'default.jpg', 4, '1', '2020'),
(786, '0030', 'ANGGUN ERIVA', 'Perempuan', 'Balai Gadang Mungo', 'default.jpg', 25, '1', '2020'),
(787, '0031', 'ANGGUN FILZAYANA PUTRI', 'Perempuan', '-', 'default.jpg', 24, '1', '2020'),
(788, '0032', 'ANNISA', 'Perempuan', 'Jor. Bunbun Aia. Nag. Tj. Bonai. Kec. Lintau Buo Utara. Kab. Tanah Datar', 'default.jpg', 25, '1', '2020'),
(789, '0033', 'ANNISA ARIFATUL SYAHLA', 'Perempuan', 'Perumnas  Palans Ghiya Permai', 'default.jpg', 2, '1', '2020'),
(790, '0034', 'ANNISA DEVA YANTI', 'Perempuan', '-', 'default.jpg', 15, '1', '2020'),
(791, '0035', 'ANYELINDA', 'Perempuan', 'Jl. Raya Payakumbuh Km 7', 'default.jpg', 4, '1', '2020'),
(792, '0036', 'APRILIA ZAINAB', 'Perempuan', 'Jl.Raya Payakumbuh-Lintau Km 20,5 Halaban', 'default.jpg', 24, '1', '2020'),
(793, '0037', 'ARIA FAJAR PUTRA', 'Laki-Laki', 'Ronah, Maek', 'default.jpg', 1, '1', '2020'),
(794, '0038', 'ARIADI NIKO PUTRA', 'Laki-Laki', 'Jalan Raya Payakumbuh-Bukittinggi Km 8 Piladang', 'default.jpg', 4, '1', '2020'),
(795, '0039', 'ARIFUL FIKRI', 'Laki-Laki', '-', 'default.jpg', 15, '1', '2020'),
(796, '0040', 'ARIFURRAHMAN', 'Laki-Laki', '-', 'default.jpg', 23, '1', '2020'),
(797, '0041', 'ARINDIA RAHMA KINANTI', 'Perempuan', 'Guguak. Jln Tan Malaka Km.12', 'default.jpg', 25, '1', '2020'),
(798, '0042', 'ARISKA FADHILLA. Z', 'Perempuan', 'Pauh Sangik,Kec.Akabiluru,Kab.Lima Puluh Kota', 'default.jpg', 2, '1', '2020'),
(799, '0043', 'ARIZI AKBAR', 'Laki-Laki', 'Jalan Tan Malaka', 'default.jpg', 23, '1', '2020'),
(800, '0044', 'ASRUL', 'Laki-Laki', 'Taratak Tanjung Gadang Kec Lareh Sago Halaban Kab 50 Kota', 'default.jpg', 16, '1', '2020'),
(801, '0045', 'ATHIFAH SYAIDAH', 'Perempuan', 'Piladang', 'default.jpg', 4, '1', '2020'),
(802, '0046', 'ATIKAH MUTHMAINNAH SYAHIDAH', 'Perempuan', 'Jalan Soekarno Hatta', 'default.jpg', 3, '1', '2020'),
(803, '0047', 'AULIA AZMI', 'Perempuan', 'Jln.Soekarno Hatta,Kec.Payakumbuh Barat,Kel.Balia Nan Duo', 'default.jpg', 16, '1', '2020'),
(804, '0048', 'AYUNI', 'Perempuan', 'Suayan', 'default.jpg', 25, '1', '2020'),
(805, '0049', 'AZIZAH', 'Perempuan', 'Taratak ', 'default.jpg', 3, '1', '2020'),
(806, '0050', 'AZIZUL HAMDA', 'Laki-Laki', 'Jl.Soekarno Hatta', 'default.jpg', 2, '1', '2020'),
(807, '0051', 'AZKIATUN NISA', 'Perempuan', '', 'default.jpg', 14, '1', '2020'),
(808, '0052', 'AZZAKIA PUTRI RAMADHANI', 'Perempuan', 'Jl.Bima/Pelajar Kelurahan Tanjung Gadang Kecamatan Payakumbuh Barat Kota Payakumbuh', 'default.jpg', 1, '1', '2020'),
(809, '0053', 'AZZAMIL HAQIE', 'Laki-Laki', 'Jl Soekarno Hatta No 97 ', 'default.jpg', 14, '1', '2020'),
(810, '0054', 'BUNGA NURHAFIZAH', 'Perempuan', 'Jalan Venus', 'default.jpg', 4, '1', '2020'),
(811, '0055', 'CHAIRANI LOVES', 'Perempuan', 'Jalan Kemuning', 'default.jpg', 2, '1', '2020'),
(812, '0056', 'CHANSYA NUR SABRINA', 'Perempuan', 'Jln. Imam Bonjol', 'default.jpg', 4, '1', '2020'),
(813, '0057', 'CHOIRIAH EI NASWAH', 'Perempuan', 'Jorong Sialang Atas, Nagari Sialang, Kecamatan Kapur Ix ', 'default.jpg', 2, '1', '2020'),
(814, '0058', 'DANI ADILU AL HAKIM', 'Laki-Laki', 'Jln.Dewi Sartika', 'default.jpg', 15, '1', '2020'),
(815, '0059', 'DAVINA DASTIN SALSABILLA', 'Perempuan', 'Jl. Sudirman No 44', 'default.jpg', 1, '1', '2020'),
(816, '0060', 'DEA ANANDA PUTRI', 'Perempuan', 'SIKABU KABU', 'default.jpg', 1, '1', '2020'),
(817, '0061', 'DEFINA QURATUL AINI', 'Perempuan', 'Jln Solok Bio Bio', 'default.jpg', 15, '1', '2020'),
(818, '0062', 'DEVIA SALSA BELLA', 'Perempuan', 'Tarantang', 'default.jpg', 3, '1', '2020'),
(819, '0063', 'DIAN ARIFA PUTRI', 'Perempuan', '-', 'default.jpg', 16, '1', '2020'),
(820, '0064', 'DIFA MAULINA', 'Perempuan', 'Jorong Subaladung', 'default.jpg', 14, '1', '2020'),
(821, '0065', 'DINA MARTA SAPUTRI', 'Perempuan', '-', 'default.jpg', 25, '1', '2020'),
(822, '0066', 'DINI HARIANI PUTRI', 'Perempuan', 'Jln,Tanmalaka', 'default.jpg', 2, '1', '2020'),
(823, '0067', 'DINI NABILA FAJRIN', 'Perempuan', 'Situjuah Gadang', 'default.jpg', 3, '1', '2020'),
(824, '0068', 'DINIA ADINDA FITRI', 'Perempuan', '-', 'default.jpg', 24, '1', '2020'),
(825, '0069', 'DIO ENDRABEL', 'Laki-Laki', 'Jalan Sumbar-Riau', 'default.jpg', 3, '1', '2020'),
(826, '0070', 'DIRA ALDI SAPUTRA', 'Laki-Laki', 'Kampung Baru', 'default.jpg', 23, '1', '2020'),
(827, '0071', 'DIVA RAHMA NUR AZIZAH', 'Perempuan', 'Kubu Gadang', 'default.jpg', 4, '1', '2020'),
(828, '0072', 'DORIN JULIANI', 'Perempuan', 'Koto Baru Simalanggang (Tan Malaka Km 7)', 'default.jpg', 25, '1', '2020'),
(829, '0073', 'DWI KARINA SYABILA', 'Perempuan', 'Koto Tinggi', 'default.jpg', 1, '1', '2020'),
(830, '0074', 'DWIKA PUTRI ADINDA', 'Perempuan', 'Padang Belimbing', 'default.jpg', 2, '1', '2020'),
(831, '0075', 'DZAKIRA SYARQIYA', 'Perempuan', 'M Nasroen', 'default.jpg', 3, '1', '2020'),
(832, '0076', 'EGIT', 'Laki-Laki', 'Jorong Sarasah', 'default.jpg', 23, '1', '2020'),
(833, '0077', 'ERVIONA', 'Perempuan', '', 'default.jpg', 14, '1', '2020'),
(834, '0078', 'FADHIL MUZAKKI', 'Laki-Laki', 'Jorong Batu Balabuah Ll', 'default.jpg', 1, '1', '2020'),
(835, '0079', 'FADHILLA AMALIA', 'Perempuan', 'Sutan Syhrir', 'default.jpg', 4, '1', '2020'),
(836, '0080', 'FADHLUR RAHMAN', 'Laki-Laki', 'Jorong Atas', 'default.jpg', 16, '1', '2020'),
(837, '0081', 'FADILA RAHMA PUTRI', 'Perempuan', 'Ampang Gadang I', 'default.jpg', 24, '1', '2020'),
(838, '0082', 'FADIYATUL KHAIRA', 'Perempuan', 'Jln.Sri Rezeki No.36a Rt01 Rw03 Bulakan Balai Kandi', 'default.jpg', 1, '1', '2020'),
(839, '0083', 'FALIA RAHMA', 'Perempuan', '-', 'default.jpg', 15, '1', '2020'),
(840, '0084', 'FARHAN AHMAD', 'Laki-Laki', 'Jalan Pesantren, Jorong Sawah Laweh ', 'default.jpg', 14, '1', '2020'),
(841, '0085', 'FATHIMAH AZ ZAHRA', 'Perempuan', 'Jl.Khatib Sulaiman', 'default.jpg', 2, '1', '2020'),
(842, '0086', 'FATHIMAH AZ-ZAHRA', 'Perempuan', 'Jalan Dr Soetomo No 06 Kaning Bukit', 'default.jpg', 25, '1', '2020'),
(843, '0087', 'FATIMATUZZAHRA MALPADYSHA', 'Perempuan', 'Kompleks Sma 1 Harau', 'default.jpg', 3, '1', '2020'),
(844, '0088', 'FAUZA RAHMADANI', 'Perempuan', 'Sopan Tanah ', 'default.jpg', 24, '1', '2020'),
(845, '0089', 'FAUZIAH FITRI RAMADHANI', 'Perempuan', 'Jl.Rasyid Taher Rt02/Rw01 ', 'default.jpg', 25, '1', '2020'),
(846, '0090', 'FAUZIYYAH SYAFITRI', 'Perempuan', 'Jl.Prof.Dr.Hamka', 'default.jpg', 4, '1', '2020'),
(847, '0091', 'FERNANDO', 'Laki-Laki', 'Jalan Imam Bonjol', 'default.jpg', 23, '1', '2020'),
(848, '0092', 'FERNANDO UTAMA', 'Laki-Laki', '-', 'default.jpg', 23, '1', '2020'),
(849, '0093', 'FIGA GUSPIANDA AXSIMA', 'Laki-Laki', 'Jln Raya Sumbar-Riau,Jr.Sopang.', 'default.jpg', 23, '1', '2020'),
(850, '0094', 'FITRA RAHMADANI', 'Perempuan', 'Jln.Raya Negara Km.7 Tanjung Pati', 'default.jpg', 24, '1', '2020'),
(851, '0095', 'FITRA SUCI YURNALISA', 'Perempuan', 'Jalan Sudirman No.26', 'default.jpg', 1, '1', '2020'),
(852, '0096', 'FITRI RAHMADHANI', 'Perempuan', '-', 'default.jpg', 16, '1', '2020'),
(853, '0097', 'FITRI SOVIA', 'Perempuan', 'Jalan Lingkar Mesjid Taqwa Barulak', 'default.jpg', 2, '1', '2020'),
(854, '0098', 'FITRIANI', 'Perempuan', '-', 'default.jpg', 16, '1', '2020'),
(855, '0099', 'FUAD ADAM', 'Laki-Laki', 'Jl.Pahlawan Rt:002 Rw:004', 'default.jpg', 16, '1', '2020'),
(856, '0100', 'GHEA APRILLA', 'Perempuan', 'Jl. Kuranji Kenagaruan Guguak Vii Koto,Kabupaten 50 Kota', 'default.jpg', 3, '1', '2020'),
(857, '0101', 'GHINA ASYIFA MUSLIM', 'Perempuan', 'Jl.Tan Malaka Km 7', 'default.jpg', 4, '1', '2020'),
(858, '0102', 'GITA GUSTIRA PUTRI', 'Perempuan', 'Jl.Melati', 'default.jpg', 1, '1', '2020'),
(859, '0103', 'GUSTIA PUTRI', 'Perempuan', 'Pangkalan', 'default.jpg', 2, '1', '2020'),
(860, '0104', 'HABIB MUHAMMAD RIZIQ', 'Laki-Laki', 'Situjuah Ladang Laweh', 'default.jpg', 14, '1', '2020'),
(861, '0105', 'HAFIZATUL ZAHRA', 'Perempuan', '-', 'default.jpg', 14, '1', '2020'),
(862, '0106', 'HAFIZI IKRAM', 'Laki-Laki', 'Jalan Raya Sumbar-Riau Km 16', 'default.jpg', 2, '1', '2020'),
(863, '0107', 'HALMI AZZAHRA', 'Perempuan', 'Jl.Sipatai', 'default.jpg', 3, '1', '2020'),
(864, '0108', 'HAMIDATUL SADIYAH', 'Perempuan', 'Jorong Tiakar', 'default.jpg', 25, '1', '2020'),
(865, '0109', 'HAMILATUL FAUZIAH', 'Perempuan', 'Koto Lamo,Gunung Malintang', 'default.jpg', 15, '1', '2020'),
(866, '0110', 'HANAFIA HASANAH', 'Perempuan', 'Jorong Coran ', 'default.jpg', 24, '1', '2020'),
(867, '0111', 'HANIF AL MUFIDH', 'Laki-Laki', '-', 'default.jpg', 15, '1', '2020'),
(868, '0112', 'HANIFAH MUTHIA NABIHASNAH', 'Perempuan', 'Jl. Pejuang No. 165 Kapalo Koto Luak Limo Puluah Kota', 'default.jpg', 25, '1', '2020'),
(869, '0113', 'HANIFUL KHAIR', 'Laki-Laki', 'Jln. Punai', 'default.jpg', 3, '1', '2020'),
(870, '0114', 'HANIIFAH FIKRIYYAH', 'Perempuan', 'Perum. Balai Nan Duo, Blok G1', 'default.jpg', 4, '1', '2020'),
(871, '0116', 'HANUM ALYA SALSABILA', 'Perempuan', 'Jl. H. Agus Salim Rt 001/ Rw 003', 'default.jpg', 1, '1', '2020'),
(872, '0117', 'HASBI RABBANI', 'Laki-Laki', 'Jorong Banda Dalam', 'default.jpg', 4, '1', '2020'),
(873, '0118', 'HAWADARSI ANGGUNI', 'Perempuan', '-', 'default.jpg', 24, '1', '2020'),
(874, '0119', 'HAYYU ANNAFI', 'Perempuan', 'Jl.Kemuning', 'default.jpg', 24, '1', '2020'),
(875, '0120', 'HIKMATHUL NURHASANAH', 'Perempuan', 'Jalan Tan Malaka Km 28', 'default.jpg', 25, '1', '2020'),
(876, '0121', 'HUMAIRA RAFA PUTRI', 'Perempuan', 'Nagari Lubuak Batingkok ', 'default.jpg', 14, '1', '2020'),
(877, '0122', 'IHSAN MUKHLISIN', 'Laki-Laki', 'Jorong Koto Nan Tuo', 'default.jpg', 23, '1', '2020'),
(878, '0123', 'ILHAM ABIYU', 'Laki-Laki', '-', 'default.jpg', 23, '1', '2020'),
(879, '0124', 'ILSA AMALINDA', 'Perempuan', '-', 'default.jpg', 15, '1', '2020'),
(880, '0125', 'INAYAH FADHILAH', 'Perempuan', 'Jorong 3 Koto Bangun', 'default.jpg', 2, '1', '2020'),
(881, '0126', 'INAYATUL HUSNA RHAMADANI', 'Perempuan', 'Daya Bangun', 'default.jpg', 15, '1', '2020'),
(882, '0127', 'INDAH SALSABILA', 'Perempuan', 'Jl.Flamboyan,No.67', 'default.jpg', 24, '1', '2020'),
(883, '0128', 'IREN WAHYUNI', 'Perempuan', 'Jorong Rageh Sungai Kamuyang', 'default.jpg', 3, '1', '2020'),
(884, '0129', 'IRFAN ARSYAD', 'Laki-Laki', 'Jl.Sudirman,Gang Melayu,No22', 'default.jpg', 2, '1', '2020'),
(885, '0130', 'ISNA DEWI SYAFITRI', 'Perempuan', 'Latsitarda Nusantara V ', 'default.jpg', 25, '1', '2020'),
(886, '0131', 'ISTIYAUL KARIMA', 'Perempuan', 'Koto Alam,Pangkalan Koto Baru', 'default.jpg', 4, '1', '2020'),
(887, '0132', 'IZMIZAHRATUN NISA', 'Perempuan', 'Jln.Koto Tangah', 'default.jpg', 1, '1', '2020'),
(888, '0133', 'JAHFAL WIHARZAM', 'Laki-Laki', '-', 'default.jpg', 16, '1', '2020'),
(889, '0134', 'JANNATIN ALIYAH', 'Perempuan', 'Kubang', 'default.jpg', 2, '1', '2020'),
(890, '0135', 'JANNATUL MULYA', 'Laki-Laki', 'Kayu Bajajar Padang Laweh', 'default.jpg', 23, '1', '2020'),
(891, '0136', 'JEHAN MUHAMMAD BINTANG', 'Laki-Laki', 'Kotobaru-Berok', 'default.jpg', 23, '1', '2020'),
(892, '0137', 'JIHAN PUTRI ADIRA', 'Perempuan', 'Jl. Flamboyan Kelurahan Payolansek Kecamatan Payakumbuh Barat Kota Payakumbuh', 'default.jpg', 3, '1', '2020'),
(893, '0138', 'JOYATUL AULIA RAHMA', 'Perempuan', 'Jorong Porontian ', 'default.jpg', 4, '1', '2020'),
(894, '0139', 'KAMELIA EKA PUTRI', 'Perempuan', '-', 'default.jpg', 16, '1', '2020'),
(895, '0140', 'KARINA AULIA RAHMI', 'Perempuan', 'Tanjung Tangah', 'default.jpg', 1, '1', '2020'),
(896, '0141', 'KARMILA', 'Perempuan', 'Desa Suayan Randah (Ambacang Kambar)', 'default.jpg', 16, '1', '2020'),
(897, '0142', 'KEISHA AURELLIA HUZANI', 'Perempuan', 'Jl. Kh. A. Dahlan / Asrama Brimob', 'default.jpg', 14, '1', '2020'),
(898, '0143', 'KHAIR RAIHAN PUTRA', 'Laki-Laki', 'Khairil Anwar No.7', 'default.jpg', 3, '1', '2020'),
(899, '0144', 'KHAIRUNNISA AZIKRA', 'Perempuan', 'Jl R.A Kartini Perumahan Ranah Cubadak Aia', 'default.jpg', 2, '1', '2020'),
(900, '0145', 'KHALIB GADAFI', 'Laki-Laki', '-', 'default.jpg', 23, '1', '2020'),
(901, '0146', 'KHAYLA ZAVINA', 'Perempuan', 'Jalan Tanjung Wlam Batusangkar', 'default.jpg', 24, '1', '2020'),
(902, '0147', 'KURNIA ILAHI', 'Perempuan', 'Padang Ambacang', 'default.jpg', 25, '1', '2020'),
(903, '0148', 'KURNIAWAN SAPUTRA', 'Laki-Laki', 'Dusun Nan Duo', 'default.jpg', 14, '1', '2020'),
(904, '0149', 'LAILATUL MYSYARAH', 'Perempuan', 'Jl. Dr. Sutami', 'default.jpg', 3, '1', '2020'),
(905, '0150', 'LAILATUR RAHMI', 'Perempuan', 'Indobaleh Barat, Mungo', 'default.jpg', 24, '1', '2020'),
(906, '0151', 'LARA FEBRIANTI', 'Perempuan', 'Ampang Gadang 2 ', 'default.jpg', 4, '1', '2020'),
(907, '0152', 'LAYLATUL HUSNA', 'Perempuan', 'Jl.A.Yani No188', 'default.jpg', 25, '1', '2020'),
(908, '0153', 'LENNY RISTIANI', 'Perempuan', 'Jln. Khatib Sulaiman Situjuah Batur', 'default.jpg', 1, '1', '2020'),
(909, '0154', 'LILI KURNIA', 'Perempuan', 'Jorong Sikabu Kabu', 'default.jpg', 24, '1', '2020'),
(910, '0155', 'LISA NOVITA', 'Perempuan', 'Tambun Ijuk', 'default.jpg', 15, '1', '2020'),
(911, '0156', 'LIYANA MAHFUZAH', 'Perempuan', 'Jl Diponegoro ', 'default.jpg', 16, '1', '2020'),
(912, '0157', 'LUNGGUH SUKMA WANGI', 'Perempuan', 'Jorong Gando', 'default.jpg', 2, '1', '2020'),
(913, '0158', 'LUTFIYATI ADZRA ANIQOH', 'Perempuan', 'Gang Paduko Dewa No.13', 'default.jpg', 3, '1', '2020'),
(914, '0159', 'M. ALTHOF', 'Laki-Laki', 'Piladang ', 'default.jpg', 4, '1', '2020'),
(915, '0160', 'M. ATTA AZZAM', 'Laki-Laki', 'Jln.Nusa Indah', 'default.jpg', 23, '1', '2020'),
(916, '0161', 'M. DZAKY TAQIYUDDIN', 'Laki-Laki', 'Jl. Latsitarda...', 'default.jpg', 23, '1', '2020'),
(917, '0162', 'M. FAJRI', 'Laki-Laki', 'Jorong Koto Tangah, Nagari Lubuak Batingkok, Kec. Harau', 'default.jpg', 1, '1', '2020'),
(918, '0163', 'M. HABIB', 'Laki-Laki', '-', 'default.jpg', 23, '1', '2020'),
(919, '0164', 'M. HAFIZ EL HANIF', 'Laki-Laki', '-', 'default.jpg', 2, '1', '2020'),
(920, '0165', 'M. ILHAM MUARIF', 'Laki-Laki', '-', 'default.jpg', 23, '1', '2020'),
(921, '0166', 'M. IQBAL AZIMA', 'Laki-Laki', '-', 'default.jpg', 14, '1', '2020'),
(922, '0167', 'M. PARIS FADHILAH', 'Laki-Laki', 'Jr.Kociak', 'default.jpg', 23, '1', '2020'),
(923, '0168', 'M. RISKI', 'Laki-Laki', 'Jl.Khatib Sulaiman', 'default.jpg', 23, '1', '2020'),
(924, '0169', 'M. ZAKRY RAMADHAN', 'Laki-Laki', 'Balai Cacang', 'default.jpg', 3, '1', '2020'),
(925, '0170', 'M. ZAKY ZAHRAN', 'Laki-Laki', 'Parit Rantang', 'default.jpg', 4, '1', '2020'),
(926, '0171', 'M.AFDAL ZIKRI', 'Laki-Laki', 'Ampang Gadang', 'default.jpg', 15, '1', '2020'),
(927, '0172', 'M.FIKRI JAMAL', 'Laki-Laki', 'Jln.Subaladung Sei.Kamuyang Kec Luak Kab.Lima Puluh Kota', 'default.jpg', 1, '1', '2020'),
(928, '0173', 'MAILANI ANATASYA', 'Perempuan', 'Jl.Dili', 'default.jpg', 4, '1', '2020'),
(929, '0174', 'MANDA ARIANI', 'Perempuan', 'Jalan Soekarno Hatta', 'default.jpg', 14, '1', '2020'),
(930, '0175', 'MAULANA FHADEL AZHARI', 'Laki-Laki', 'Jalan Soekarno Hatta No.115', 'default.jpg', 2, '1', '2020'),
(931, '0176', 'MAULIDA YELVI', 'Perempuan', 'Tarantang', 'default.jpg', 25, '1', '2020'),
(932, '0177', 'MAYA HABIBAH', 'Perempuan', 'Kapolo Koto,Halaban', 'default.jpg', 24, '1', '2020'),
(933, '0178', 'MAYSARAH OLIVIA', 'Perempuan', 'Suayan Randah', 'default.jpg', 15, '1', '2020'),
(934, '0179', 'MELATI PRATAMA YOPI', 'Perempuan', 'Jalan Lintas Sumbar Riau', 'default.jpg', 16, '1', '2020'),
(935, '0180', 'MICKO RAHMADANI', 'Laki-Laki', 'Durian Tinggi', 'default.jpg', 23, '1', '2020'),
(936, '0181', 'MIFTAHUL ABHELYA RAMADHANI', 'Perempuan', '-', 'default.jpg', 24, '1', '2020'),
(937, '0182', 'MIFTAHUL ILMI', 'Laki-Laki', 'Jln.Raya Sariak Laweh', 'default.jpg', 16, '1', '2020'),
(938, '0183', 'MIFTHAHUL ARIFAH', 'Perempuan', 'Situjuah Gadang', 'default.jpg', 2, '1', '2020'),
(939, '0185', 'MILDA YANTI PUTRI', 'Perempuan', 'Padang Laweh', 'default.jpg', 25, '1', '2020'),
(940, '0186', 'MORI YANTI', 'Perempuan', '-', 'default.jpg', 14, '1', '2020'),
(941, '0187', 'MUATOB', 'Laki-Laki', '-', 'default.jpg', 14, '1', '2020'),
(942, '0188', 'MUHAMMAD ABDUL LUTHFI', 'Laki-Laki', 'Jorong Balai Nagari Batu Balang ', 'default.jpg', 3, '1', '2020'),
(943, '0189', 'MUHAMMAD ADIB', 'Laki-Laki', 'Kubu Baru ', 'default.jpg', 14, '1', '2020'),
(944, '0190', 'MUHAMMAD AL RASYID', 'Laki-Laki', '-', 'default.jpg', 15, '1', '2020'),
(945, '0191', 'MUHAMMAD ALGHIFARY AFISHA', 'Laki-Laki', 'Jorong Kapuak Koto Panjang', 'default.jpg', 4, '1', '2020'),
(946, '0192', 'MUHAMMAD ARFAN ZAKI', 'Laki-Laki', 'Simpang Siabu Persawahan, Rt/Rw 001/001', 'default.jpg', 1, '1', '2020'),
(947, '0193', 'MUHAMMAD AULIA LUTHFI', 'Laki-Laki', 'Jalan Tan Malaka No 177 Kel Napar', 'default.jpg', 2, '1', '2020'),
(948, '0194', 'MUHAMMAD FARHAN', 'Laki-Laki', '-', 'default.jpg', 15, '1', '2020'),
(949, '0195', 'MUHAMMAD FARHAN KESUMA', 'Laki-Laki', 'Jl. Tarantang', 'default.jpg', 23, '1', '2020'),
(950, '0196', 'MUHAMMAD FARID', 'Laki-Laki', 'Jorong Padang Panjang', 'default.jpg', 3, '1', '2020'),
(951, '0197', 'MUHAMMAD FARID KESUMA', 'Laki-Laki', 'Jl. Tarantang', 'default.jpg', 23, '1', '2020'),
(952, '0198', 'MUHAMMAD FARRAS DZIKRA', 'Laki-Laki', 'Jl.Dewi Sartika', 'default.jpg', 23, '1', '2020'),
(953, '0199', 'MUHAMMAD GHUFRON', 'Laki-Laki', 'Jln.Tan Malaka No 13 ', 'default.jpg', 23, '1', '2020'),
(954, '0200', 'MUHAMMAD HASANUL RIFKY', 'Laki-Laki', 'Balai Rupih ', 'default.jpg', 4, '1', '2020'),
(955, '0201', 'MUHAMMAD IBNU RISYAD', 'Laki-Laki', '-', 'default.jpg', 16, '1', '2020'),
(956, '0202', 'MUHAMMAD INDRA ARISPY', 'Laki-Laki', '-', 'default.jpg', 14, '1', '2020'),
(957, '0203', 'MUHAMMAD LATIF R', 'Laki-Laki', 'Jalan Kapuak Koto Panjang', 'default.jpg', 1, '1', '2020'),
(958, '0204', 'MUHAMMAD NAUFAL', 'Laki-Laki', 'Jl.M Syafei', 'default.jpg', 15, '1', '2020'),
(959, '0205', 'MUHAMMAD NAUFAL', 'Laki-Laki', 'Jalan Dahlia', 'default.jpg', 16, '1', '2020'),
(960, '0206', 'MUHAMMAD RESKI', 'Laki-Laki', 'Situjuah Banda Dalam', 'default.jpg', 3, '1', '2020'),
(961, '0207', 'MUHAMMAD SUBHAN', 'Laki-Laki', '-', 'default.jpg', 16, '1', '2020'),
(962, '0208', 'MUHAMMAD SYITH', 'Laki-Laki', 'Perumahan Talang', 'default.jpg', 23, '1', '2020'),
(963, '0209', 'MUHAMMAD TSAQIF ALIVA', 'Laki-Laki', '-', 'default.jpg', 23, '1', '2020'),
(964, '0210', 'MUHAMMAD WAHYU', 'Laki-Laki', 'Jl.Ir.Sutami', 'default.jpg', 23, '1', '2020'),
(965, '0211', 'MUHAMMAD YOFAN APRILIANO', 'Laki-Laki', 'Jalan Soekarno Hatta', 'default.jpg', 3, '1', '2020'),
(966, '0212', 'MUHAMMAD ZAID', 'Laki-Laki', 'Jln. Khatib Sulaiman', 'default.jpg', 14, '1', '2020'),
(967, '0213', 'MUHAMMAD ZAKY', 'Laki-Laki', 'Jln. Kuranji ', 'default.jpg', 4, '1', '2020'),
(968, '0214', 'MUHAMMAD ZIDAN ALHAMID', 'Laki-Laki', 'Jl. Padat Karya ', 'default.jpg', 1, '1', '2020'),
(969, '0215', 'MURNI', 'Perempuan', 'Sikabu-Kabu Tj Haro Pd Panjang ', 'default.jpg', 24, '1', '2020'),
(970, '0216', 'MUTIARA ASYIFA', 'Perempuan', '-', 'default.jpg', 15, '1', '2020'),
(971, '0217', 'MUTIARA SALWA KARIN', 'Perempuan', 'Kubu Gadang', 'default.jpg', 25, '1', '2020'),
(972, '0218', 'NADATUL FAUZIYA', 'Perempuan', '-', 'default.jpg', 16, '1', '2020'),
(973, '0219', 'NADIATI', 'Perempuan', '-', 'default.jpg', 14, '1', '2020'),
(974, '0220', 'NAILA NAZHIFA DRIFI', 'Perempuan', 'Komplek Perumahan Grand Sehati No.47 Rt 03 Rw 04', 'default.jpg', 15, '1', '2020'),
(975, '0221', 'NAJWA AZIKRI', 'Perempuan', 'Jl.Soekarno Hatta', 'default.jpg', 3, '1', '2020'),
(976, '0222', 'NAJWA IVADA', 'Perempuan', '-', 'default.jpg', 16, '1', '2020'),
(977, '0223', 'NATASYA PERMATA UTAMI', 'Perempuan', '-', 'default.jpg', 3, '1', '2020'),
(978, '0224', 'NAUFAL AMMAR MAHDY', 'Laki-Laki', '-', 'default.jpg', 15, '1', '2020'),
(979, '0225', 'NAUFAL BAIHAQI ZACHWAN', 'Laki-Laki', 'Jl.Soekarno Hatta', 'default.jpg', 2, '1', '2020'),
(980, '0226', 'NAUFAL DITRA PRIMUFTHI', 'Laki-Laki', '-', 'default.jpg', 3, '1', '2020'),
(981, '0227', 'NAUFAL TSAQIF', 'Laki-Laki', 'Jalan Ahmad Yani No:182 ', 'default.jpg', 16, '1', '2020'),
(982, '0228', 'NAVA AULIA', 'Perempuan', 'Jorong Dalam Nagari Barulak', 'default.jpg', 4, '1', '2020'),
(983, '0229', 'NAYLA SYAFITRI', 'Perempuan', 'Tarantang, Harau', 'default.jpg', 16, '1', '2020'),
(984, '0230', 'NAZIFAH AULIA PUTRI', 'Perempuan', 'Jalan Camar', 'default.jpg', 1, '1', '2020'),
(985, '0231', 'NAZIFATUSANI', 'Perempuan', 'Jalan Cempaka No. 19. A', 'default.jpg', 24, '1', '2020'),
(986, '0232', 'NAZIFUL IMAN', 'Laki-Laki', 'Jln. Cempaka No 19. A', 'default.jpg', 4, '1', '2020'),
(987, '0233', 'NAZUVA HASANAH', 'Perempuan', 'Singa Harau', 'default.jpg', 2, '1', '2020'),
(988, '0234', 'NAZWA KHAIRANI', 'Perempuan', 'Jln.Raya Payakumbuh-Bukittinggi Km.8 Piladang', 'default.jpg', 3, '1', '2020'),
(989, '0235', 'NESSA PUTRI GUSFAR', 'Perempuan', 'Jln.Prof.Hamka', 'default.jpg', 4, '1', '2020'),
(990, '0236', 'NIKEN AMANDA PUTRI', 'Perempuan', 'Jln.Tekukur', 'default.jpg', 14, '1', '2020'),
(991, '0237', 'NISA LAILA', 'Perempuan', 'Simpang Kapuak', 'default.jpg', 25, '1', '2020'),
(992, '0238', 'NIVA GUSTI WARDANI', 'Perempuan', '-', 'default.jpg', 15, '1', '2020'),
(993, '0239', 'NOLA SEPTIA NINGSIH', 'Perempuan', 'Jln Ade Irma Suryani ,Asrama Kodim 0306', 'default.jpg', 1, '1', '2020'),
(994, '0240', 'NOOR AZMI HISYAM', 'Laki-Laki', 'Jln Tan Malaka Km 12', 'default.jpg', 2, '1', '2020'),
(995, '0241', 'NUR ATIKAH', 'Perempuan', 'Padang Karambia', 'default.jpg', 24, '1', '2020'),
(996, '0242', 'NUR HALIM', 'Laki-Laki', 'Jl Kihajar Dewantara', 'default.jpg', 23, '1', '2020'),
(997, '0243', 'NUR HAVIVAH', 'Perempuan', 'Batu Balabuah 1', 'default.jpg', 3, '1', '2020'),
(998, '0244', 'NUR HAZIFA', 'Perempuan', 'Sopan Tanah', 'default.jpg', 4, '1', '2020'),
(999, '0245', 'NUR HIDAYATI', 'Perempuan', 'Jorong Suliki Baruah Nagari Suliki', 'default.jpg', 25, '1', '2020'),
(1000, '0246', 'NUR SABRINA HANIFA', 'Perempuan', 'Siti Manggopoh', 'default.jpg', 24, '1', '2020'),
(1001, '0247', 'NURHALIZA', 'Perempuan', '-', 'default.jpg', 25, '1', '2020'),
(1002, '0248', 'NURHIDAYANI', 'Perempuan', 'Piladang (Jln.Raya Payakumbuh-Bukittinggi Km.8 Piladang)', 'default.jpg', 25, '1', '2020'),
(1003, '0249', 'NURHIDAYATI', 'Perempuan', 'Jl. Teuku Umar', 'default.jpg', 1, '1', '2020'),
(1004, '0250', 'NURUL REVALIA', 'Perempuan', 'Jln.Iman Bonjol Rt 02 Rw 01', 'default.jpg', 2, '1', '2020'),
(1005, '0251', 'OKTARIANI PUTRI', 'Perempuan', 'Jorong Beringin Indah', 'default.jpg', 24, '1', '2020'),
(1006, '0252', 'PARSI MAHATA PUTRA', 'Laki-Laki', 'Ampang Gadang 1', 'default.jpg', 14, '1', '2020'),
(1007, '0253', 'PARVEZ ATALA ARIO ONTOSENO', 'Laki-Laki', 'Jl. Soekarno Hatta No. 67', 'default.jpg', 1, '1', '2020'),
(1008, '0254', 'PINKAN RAHMADANI', 'Perempuan', 'Bandar Irigasi Dekat Sd 21', 'default.jpg', 4, '1', '2020'),
(1009, '0255', 'PRATIWI SWANDI', 'Perempuan', 'Jln.Khatib Sulaiman', 'default.jpg', 4, '1', '2020'),
(1010, '0256', 'PUJA AGUSTIN', 'Perempuan', 'Tanjung Haro Sikabu-Kabu Padang Panjang', 'default.jpg', 25, '1', '2020'),
(1011, '0257', 'PUTRI AMELIA ASRA', 'Perempuan', 'Jorong Lompatan Datar', 'default.jpg', 1, '1', '2020'),
(1012, '0258', 'PUTRI APRILIA AYUNDRI', 'Perempuan', 'Jl.Ir.Sutami', 'default.jpg', 2, '1', '2020'),
(1013, '0259', 'PUTRI HIDAYATUN NISFU SYABAN', 'Perempuan', 'Botuang', 'default.jpg', 3, '1', '2020'),
(1014, '0260', 'PUTRI JULIA  ENJELIKA', 'Perempuan', 'Tanjung Alam Kec. Tanjung Baru Kab. Tanah Datar ', 'default.jpg', 4, '1', '2020'),
(1015, '0262', 'RABIAHTUL ADAWYAH FARID', 'Perempuan', 'Jl H Syafei', 'default.jpg', 2, '1', '2020'),
(1016, '0263', 'RADHIYATUL MULYA', 'Laki-Laki', 'Jl.Kihajar Dewantara', 'default.jpg', 2, '1', '2020'),
(1017, '0264', 'RADJA SATRIA MANDALA', 'Laki-Laki', 'Balai,Batu Balang', 'default.jpg', 3, '1', '2020'),
(1018, '0265', 'RAFIF HARTAWAN MUKMIN', 'Laki-Laki', 'Komplek Griya Nadima Blok A6', 'default.jpg', 23, '1', '2020'),
(1019, '0266', 'RAFLY FAHLEFY', 'Laki-Laki', 'Jl Cempaka No 23', 'default.jpg', 3, '1', '2020'),
(1020, '0267', 'RAHEL HIDAYAT', 'Laki-Laki', 'Koto Lamo', 'default.jpg', 23, '1', '2020'),
(1021, '0268', 'RAHMA ASYIFA', 'Perempuan', 'Tarantang', 'default.jpg', 3, '1', '2020'),
(1022, '0269', 'RAHMADINA AZILA', 'Perempuan', 'Jln.Tanmalaka Jorong Balai Rupih', 'default.jpg', 4, '1', '2020'),
(1023, '0270', 'RAHMADINI', 'Perempuan', 'Piladang', 'default.jpg', 24, '1', '2020'),
(1024, '0271', 'RAHMATUL LAILI', 'Perempuan', 'Kociak', 'default.jpg', 25, '1', '2020'),
(1025, '0272', 'RAHMATULLAH', 'Laki-Laki', 'Payakumbuh (Jalan Ke Prumnas Talang)', 'default.jpg', 23, '1', '2020'),
(1026, '0273', 'RAHMAYANI', 'Perempuan', 'Rageh,Sungai Kamuyang', 'default.jpg', 24, '1', '2020'),
(1027, '0274', 'RAHMI', 'Perempuan', 'Jorong Subaladung, Nagari Sungai Kamuyang', 'default.jpg', 25, '1', '2020'),
(1028, '0275', 'RAIHANA ARTANTI FAUZIYAH', 'Perempuan', 'Jl. Sudirman No 68', 'default.jpg', 15, '1', '2020'),
(1029, '0276', 'RAKHA ALGIFARI', 'Laki-Laki', '-', 'default.jpg', 15, '1', '2020'),
(1030, '0277', 'RANIKA JULIA', 'Perempuan', 'Durian Gadang', 'default.jpg', 16, '1', '2020'),
(1031, '0278', 'RASTI ANGGRAINI', 'Perempuan', 'Jln.Soekarno Hatta', 'default.jpg', 14, '1', '2020'),
(1032, '0279', 'RAUDHATUL JANNAH', 'Perempuan', 'Suayan Randah', 'default.jpg', 24, '1', '2020'),
(1033, '0280', 'RAUDIATUZZAHRA', 'Perempuan', 'Jorong Suayan Randah Kenagarian Suayan Kecamatan Akabiluru Kabupaten Lima Puluh Kota ', 'default.jpg', 1, '1', '2020'),
(1034, '0281', 'RAYYAN MINANG PRATAMA', 'Laki-Laki', 'Jalan Raflesia', 'default.jpg', 16, '1', '2020'),
(1035, '0282', 'REFIANA NUR GIFFARI', 'Perempuan', 'Jalan Batusangkar - Payakumbuh', 'default.jpg', 15, '1', '2020'),
(1036, '0283', 'REGINA NURUL AZIZAH', 'Perempuan', 'Lakuak Dama', 'default.jpg', 2, '1', '2020'),
(1037, '0284', 'REHAN FAHREZA', 'Laki-Laki', 'Nagari Sariak Laweh Kampung Niur Kapalo Koto Di Jalan Lurus', 'default.jpg', 4, '1', '2020'),
(1038, '0285', 'RENDI ALIANSYAH', 'Laki-Laki', 'Jln Simpang Tigo', 'default.jpg', 14, '1', '2020'),
(1039, '0286', 'REVATULANGI OKTAVIANDRA', 'Perempuan', 'Simpang Abu', 'default.jpg', 25, '1', '2020'),
(1040, '0287', 'REVO FERDINAND', 'Laki-Laki', 'Jorong Nan Ix Salimpaung', 'default.jpg', 23, '1', '2020'),
(1041, '0288', 'RICE RAHMA RIYOS', 'Perempuan', 'Jalan Lintas Pangkalan Kapur Ix', 'default.jpg', 3, '1', '2020'),
(1042, '0289', 'RIDHO ILLAHI', 'Laki-Laki', 'Nagari Gadang', 'default.jpg', 15, '1', '2020'),
(1043, '0290', 'RIFKI AMIYATNO', 'Laki-Laki', 'Jl.Anyelir', 'default.jpg', 16, '1', '2020'),
(1044, '0291', 'RIRI ADINI', 'Perempuan', 'Batulabi Mungo ', 'default.jpg', 24, '1', '2020'),
(1045, '0292', 'RIRI AMSELINA SAVITRI', 'Perempuan', 'Bandar Rait, Baruah Gunuang', 'default.jpg', 4, '1', '2020'),
(1046, '0293', 'RIZQI AL MUNAWWAR', 'Laki-Laki', 'Jl.Seokarno Hatta', 'default.jpg', 4, '1', '2020'),
(1047, '0294', 'ROBEN ENTENO', 'Laki-Laki', '-', 'default.jpg', 14, '1', '2020'),
(1048, '0295', 'ROJA PRASUSTRY SUKMA', 'Perempuan', 'Jorong Batu Payuang', 'default.jpg', 1, '1', '2020'),
(1049, '0296', 'SABRINA JELITA', 'Perempuan', 'Jorong Aua', 'default.jpg', 25, '1', '2020'),
(1050, '0297', 'SAKINAH YULISMA', 'Perempuan', 'Jalan Soekarno Hatta No 305', 'default.jpg', 2, '1', '2020'),
(1051, '0298', 'SALSA BILLA', 'Perempuan', 'Balai Cubadak,Taram', 'default.jpg', 1, '1', '2020'),
(1052, '0299', 'SALSA BUNGA', 'Perempuan', 'Sei. Pimping', 'default.jpg', 16, '1', '2020'),
(1053, '0300', 'SALSABILA AKORI', 'Perempuan', 'Jl. Diponegoro 2 Blok A No.9', 'default.jpg', 3, '1', '2020'),
(1054, '0301', 'SALSABILA PUTRI RAMADHANI', 'Perempuan', 'Simpang Batu Hampar Suayan', 'default.jpg', 14, '1', '2020'),
(1055, '0302', 'SANIYYAH SALWA NABIILAH', 'Perempuan', 'Jl.Tan Malaka No.251', 'default.jpg', 24, '1', '2020'),
(1056, '0303', 'SARAH MITHA AMELIA', 'Perempuan', 'Bulakan Balai Kandi', 'default.jpg', 25, '1', '2020'),
(1057, '0304', 'SEPTIA RAHMI', 'Perempuan', 'Jalan Solok Bio Bio', 'default.jpg', 15, '1', '2020'),
(1058, '0305', 'SEYSA RAYHANA ALIA', 'Perempuan', '-', 'default.jpg', 16, '1', '2020'),
(1059, '0306', 'SHAISTA FADILLA', 'Perempuan', '-', 'default.jpg', 14, '1', '2020'),
(1060, '0307', 'SHAKILA AZZAHRA', 'Perempuan', 'Jln. Surau Manggis, Taram', 'default.jpg', 24, '1', '2020'),
(1061, '0308', 'SHIVA SAFIA FITRI', 'Perempuan', '-', 'default.jpg', 16, '1', '2020'),
(1062, '0309', 'SHOFWATUL KASIH AMANDA', 'Perempuan', 'Kel. Tanjung Gadang Sei Pinago ', 'default.jpg', 25, '1', '2020'),
(1063, '0310', 'SHOFY ARIFA GINATA', 'Perempuan', '-', 'default.jpg', 15, '1', '2020'),
(1064, '0311', 'SILVIA HIJRI', 'Perempuan', 'Tanjung Alam, Tanjung Baru, Kabupaten Tanah Datar, Sumatra Barat', 'default.jpg', 4, '1', '2020'),
(1065, '0312', 'SITI AISYAH AZZAHRA', 'Perempuan', 'Jr.Tangah,Situjuah Batua,Kec.Situjuh Limanagari,Kab.50 Kota', 'default.jpg', 24, '1', '2020'),
(1066, '0313', 'SITI ALIYAH KHAIRUNNISA', 'Perempuan', 'Koto Tangah', 'default.jpg', 1, '1', '2020'),
(1067, '0314', 'SITI AZIZAH ZULIANA SYIDDIQ', 'Perempuan', 'Jl. K  Dewantara', 'default.jpg', 25, '1', '2020'),
(1068, '0315', 'SITI NUR AISYAH', 'Perempuan', 'Jorong Batu Payuang', 'default.jpg', 24, '1', '2020'),
(1069, '0316', 'SOFIA LATIVA', 'Perempuan', '-', 'default.jpg', 15, '1', '2020'),
(1070, '0317', 'SUCI ANANDA DEFRI', 'Perempuan', 'Jorong Batu Balah', 'default.jpg', 25, '1', '2020'),
(1071, '0318', 'SUCI FITRI RAHMADANI', 'Perempuan', 'Jorong Sungai Cubadak Kenagarian Koto Tangah Batu Hampa', 'default.jpg', 24, '1', '2020'),
(1072, '0319', 'SYAFIQAH ADZRA', 'Perempuan', 'Taram', 'default.jpg', 2, '1', '2020'),
(1073, '0320', 'SYAHIRA BILBINA', 'Perempuan', 'Jl. Bonai Depan Smkn 1 Payakumbuh Rt 002 Rw 001', 'default.jpg', 25, '1', '2020'),
(1074, '0321', 'SYAHRI RAHMADANI', 'Perempuan', '-', 'default.jpg', 16, '1', '2020'),
(1075, '0322', 'SYAMSUL HADI', 'Laki-Laki', 'Tanjuang Gadang', 'default.jpg', 15, '1', '2020'),
(1076, '0323', 'SYAMZA HAWA UZLAH', 'Perempuan', 'Jln. Bakti', 'default.jpg', 14, '1', '2020'),
(1077, '0324', 'SYARIFAH NUR', 'Perempuan', 'Jorong Harau', 'default.jpg', 24, '1', '2020'),
(1078, '0325', 'TASYA SALSABILLA', 'Perempuan', 'Kh Ahmad Dahlan', 'default.jpg', 25, '1', '2020'),
(1079, '0326', 'TAZKIYAH NUR AZIZAH', 'Perempuan', 'Lakuak Dama', 'default.jpg', 15, '1', '2020'),
(1080, '0327', 'TI AISYAH ASMELI.S', 'Perempuan', '-', 'default.jpg', 16, '1', '2020'),
(1081, '0328', 'UCI FATMA WATI', 'Perempuan', '-', 'default.jpg', 24, '1', '2020'),
(1082, '0329', 'ULVA DWI SAKINAH', 'Perempuan', 'Padang Alai Bodi', 'default.jpg', 24, '1', '2020'),
(1083, '0330', 'VANI AULIA ANGELIKA', 'Perempuan', '-', 'default.jpg', 14, '1', '2020'),
(1084, '0331', 'VIERDY RADITYA PRATAMA', 'Laki-Laki', 'Jln.Flamboyan', 'default.jpg', 16, '1', '2020'),
(1085, '0332', 'VIOLA HUSWATUL HASANAH', 'Perempuan', 'Jl.Ade Irma Suryani No.08', 'default.jpg', 16, '1', '2020'),
(1086, '0333', 'VIONA NATA ERINDA', 'Perempuan', 'Jalan Tanjung Beringin', 'default.jpg', 3, '1', '2020'),
(1087, '0334', 'VIORA MAISA FADLIA', 'Perempuan', 'Jln.Surabaya', 'default.jpg', 3, '1', '2020'),
(1088, '0335', 'VIVI VEBRINA', 'Perempuan', 'Jln Payakumbuh Lintau', 'default.jpg', 1, '1', '2020'),
(1089, '0336', 'WAHYU ISROVIYANTI', 'Perempuan', '-', 'default.jpg', 15, '1', '2020'),
(1090, '0337', 'WIGIAN ANYA UTARI', 'Perempuan', 'Jln.Imam Bonjol ', 'default.jpg', 14, '1', '2020'),
(1091, '0338', 'WILLY SAPUTRA', 'Laki-Laki', 'Koto Baru Simalanggang', 'default.jpg', 14, '1', '2020'),
(1092, '0339', 'YOLANDA RAMADHAN', 'Perempuan', 'Jl Tan Malaka Km 6/7', 'default.jpg', 15, '1', '2020'),
(1093, '0340', 'YULIANI PUTRI', 'Perempuan', 'Jorong Kociak ', 'default.jpg', 25, '1', '2020'),
(1094, '0341', 'YURLISNA ELFANI', 'Perempuan', 'Jln Kenanga ', 'default.jpg', 24, '1', '2020'),
(1095, '0342', 'ZAHARA RAMADANI', 'Perempuan', 'Jl. Raya Koto Tangah Batu Hampar - Pauh Sangik', 'default.jpg', 2, '1', '2020'),
(1096, '0343', 'ZAHRA HAFIZHATUR RAHMA', 'Perempuan', 'Sawah Laweh', 'default.jpg', 2, '1', '2020'),
(1097, '0344', 'ZAHRA HENDRI SAFITRI', 'Perempuan', 'Jl Profesor Dok Hamka ', 'default.jpg', 16, '1', '2020'),
(1098, '0345', 'ZAHWA AULIA', 'Perempuan', '-', 'default.jpg', 16, '1', '2020'),
(1099, '0346', 'ZAHWA RAMADHANI HENDRI', 'Perempuan', 'Jr Koto Tangah, Nag Lubuak Batingkok', 'default.jpg', 25, '1', '2020'),
(1100, '0347', 'ZAITUN ZAHARA', 'Perempuan', '-', 'default.jpg', 14, '1', '2020'),
(1101, '0348', 'ZAKIATIL AULIA', 'Perempuan', 'Jorong Lompek', 'default.jpg', 25, '1', '2020'),
(1102, '0349', 'ZAKIYANI MANAF', 'Perempuan', 'Jl. Jend Sudirman Rt 014 Rw 005 ', 'default.jpg', 1, '1', '2020'),
(1103, '0350', 'ZALWA PUTRI FADILAH', 'Perempuan', '-', 'default.jpg', 15, '1', '2020'),
(1104, '0351', 'ZHIFA NAJWA', 'Perempuan', '-', 'default.jpg', 16, '1', '2020'),
(1105, '0352', 'ZILFAREZA', 'Perempuan', 'Jalan Kamboja', 'default.jpg', 24, '1', '2020');

-- Table `tbl_transaksi` --
CREATE TABLE `tbl_transaksi` (
  `id_transaksi` char(15) NOT NULL,
  `waktu_transaksi` date NOT NULL,
  `id_siswa` int(11) NOT NULL,
  `id_kelas` int(11) NOT NULL,
  `id_pegawai` int(11) NOT NULL,
  `id_pembayaran` int(11) NOT NULL,
  `nominal_transaksi` double NOT NULL,
  `pembayaran_melalui` enum('TUNAI','TRANSFER') NOT NULL,
  `file_foto` varchar(30) NOT NULL,
  `cicilan_transaksi` int(11) NOT NULL,
  PRIMARY KEY (`id_transaksi`),
  KEY `id_siswa` (`id_siswa`),
  KEY `id_pegawai` (`id_pegawai`)
) ENGINE=InnoDB DEFAULT CHARSET=latin1;

INSERT INTO `tbl_transaksi` (`id_transaksi`, `waktu_transaksi`, `id_siswa`, `id_kelas`, `id_pegawai`, `id_pembayaran`, `nominal_transaksi`, `pembayaran_melalui`, `file_foto`, `cicilan_transaksi`) VALUES
('TR-000000000001', '2020-10-21', 1, 1, 1, 11, '100000', 'TUNAI', '0', 1),
('TR-000000000002', '2020-10-21', 1, 1, 1, 10, '100000', 'TUNAI', '0', 1),
('TR-000000000003', '2020-10-21', 1, 1, 1, 7, '50000', 'TUNAI', '0', 1),
('TR-000000000004', '2020-10-21', 1, 1, 1, 5, '100000', 'TUNAI', '0', 1),
('TR-000000000005', '2020-10-22', 1, 1, 1, 2, '100000', 'TUNAI', '0', 1),
('TR-000000000006', '2020-11-08', 1096, 2, 1, 11, '100000', 'TUNAI', '0', 1);

-- Table `tbl_transaksi_isedentil` --
CREATE TABLE `tbl_transaksi_isedentil` (
  `id_transaksi_isedentil` char(15) NOT NULL,
  `waktu_transaksi` date NOT NULL,
  `id_siswa` int(11) NOT NULL,
  `id_kelas` int(11) NOT NULL,
  `id_pegawai` int(11) NOT NULL,
  `id_pembayaran_isedentil` int(11) NOT NULL,
  `nominal_transaksi` double NOT NULL,
  `pembayaran_melalui` enum('TUNAI','TRANSFER') NOT NULL,
  `file_foto` varchar(30) NOT NULL,
  `cicilan_transaksi` int(11) NOT NULL,
  PRIMARY KEY (`id_transaksi_isedentil`),
  KEY `id_siswa` (`id_siswa`),
  KEY `id_pegawai` (`id_pegawai`)
) ENGINE=InnoDB DEFAULT CHARSET=latin1;

INSERT INTO `tbl_transaksi_isedentil` (`id_transaksi_isedentil`, `waktu_transaksi`, `id_siswa`, `id_kelas`, `id_pegawai`, `id_pembayaran_isedentil`, `nominal_transaksi`, `pembayaran_melalui`, `file_foto`, `cicilan_transaksi`) VALUES
('TR-000000000006', '2020-10-22', 1, 1, 1, 7, '100000', 'TUNAI', '0', 2),
('TR-000000000007', '2020-10-22', 2, 7, 1, 8, '300000', 'TUNAI', '0', 1),
('TR-000000000008', '2020-10-22', 1, 1, 1, 5, '100000', 'TUNAI', '0', 1),
('TR-000000000009', '2020-10-22', 1, 1, 1, 9, '1000000', 'TUNAI', '0', 1),
('TR-000000000010', '2020-10-23', 1, 1, 1, 2, '1000000', 'TUNAI', '0', 1),
('TR-000000000011', '2020-10-23', 2, 7, 1, 9, '1000000', 'TUNAI', '0', 1),
('TR-000000000012', '2020-10-24', 1, 1, 1, 2, '750000', 'TUNAI', '0', 2),
('TR-000000000013', '2020-11-08', 1096, 2, 1, 1, '1500000', 'TUNAI', '0', 1);

